Source,RA,Dec
HOPS 68,83.85127,-5.14183
HOPS 69,83.8551,-5.14
HOPS 67,83.84453,-5.14279
HOPS 70,83.84339,-5.13467
